序号,链接,节点数
0,https://ccOlq5.absslk.xyz/337a98c77542c0b2660089e96caf5974,0
1,https://gist.githubusercontent.com/peasoft/7907a8ee2a4fa5e80cd1bd006664442c/raw/,0
2,https://gitlab.com/colloq168/nodefiltrate/-/raw/main/filtrate?ref_type=heads,164
3,https://hKFinp.mcsslk.xyz/65a1d43512ce016c33e9836ee561b876,0
4,https://raw.githubusercontent.com/Alvin9999/pac2/master/clash.meta2/1/config.yaml,0
5,https://raw.githubusercontent.com/Alvin9999/pac2/master/clash.meta2/13/config.yaml,0
6,https://raw.githubusercontent.com/Alvin9999/pac2/master/clash.meta2/15/config.yaml,0
7,https://raw.githubusercontent.com/Alvin9999/pac2/master/clash.meta2/2/config.yaml,0
8,https://raw.githubusercontent.com/Alvin9999/pac2/master/clash.meta2/config.yaml,0
9,https://raw.githubusercontent.com/Huibq/TrojanLinks/master/links/vmess,0
10,https://raw.githubusercontent.com/Surfboardv2ray/TGParse/main/python/hy2,77
11,https://raw.githubusercontent.com/Surfboardv2ray/TGParse/main/python/hysteria2,94
12,https://raw.githubusercontent.com/qjlxg/hy2/main/splitted/hy2,17
13,https://raw.githubusercontent.com/ripaojiedian/freenode/main/clash,23
14,https://raw.githubusercontent.com/ripaojiedian/freenode/main/sub,24
15,https://raw.githubusercontent.com/zhangkaiitugithub/passcro/main/speednodes.yaml,115

总计,,430
